{
  "ema_cpu": 9.373280000000001,
  "ema_rtt_ms": 14.984000000000002,
  "ema_temp": null,
  "last_cleanup": 1760574996.756735,
  "last_net_tune": 1760574995.3792844,
  "last_prime_dns": 1760574995.2182925,
  "last_vendor_check": 1760574997.0577557
}